municipio,descargar
Abrego,no
Acacias,no
Agua de Dios,si
Aguachica,no
Aguadas Caldas,no
Aguazul Casanare,no
Aipe,no
Albania,no
Amaga,no
Ambalema,no
Anapoima,no
Andes,no
Anolaima,no
Anserma Caldas,no
Anserma nuevo,no
Apartado,no
Aranzazu,no
Arauca,no
Ariguani El dificil,no
Arjona,no
Armenia,no
Armero Guayabal,no
Arroyohondo,no
Ataco Tolima,no
Ayapel,no
Baranoa,no
Barbosa Antioquia,no
Barbosa Santander,no
Barrancabermeja,no
Barrancas Guajira,no
Barranquilla,no
Becerril,no
Belen Boyaca,no
Belen de Umbria,no
Bello,no
Betania Antioquia,no
Bogota,no
Bojaca,no
Bosconia,no
Bucaramanga,no
Buenaventura,no
Buenavista,no
Buga Guadalajara,no
Bugalagrande,no
Cachipay Cundinamarca,no
Caicedo Antioquia,no
Caicedonia,no
Cajamarca,no
Cajica,no
Calarca,no
Caldas,no
Cali,no
Campoalegre,no
Candelaria Valle,no
Cañas Gordas,no
Caparrapi,no
Caqueza Cundinamarca,no
Carepa,no
Carmen de apicala,no
Cartagena,no
Cartago,no
Caucasia,no
Cepita Santander,no
Cerete,no
Chaparral,no
Charala,no
Chia,no
Chigorodo,no
Chimichagua,no
Chinacota,no
Chinchina,no
Chinú,no
Chiquinquira,no
Choachi,no
Chocontá,no
Cienaga,no
Cienaga de Oro,no
Circasia,no
Cisneros Antioquia,no
Ciudad Bolivar,no
Coello,no
Cogua Cundinamarca,no
Concordia,no
Copacabana,no
Corozal,no
Cota,no
Coveñas,no
Cucuta,no
Cumaral,no
Dabeiba,no
Dagua -Valle,no
Dibulla,no
Don Matias,no
Doncello,no
Dosquebradas,no
Duitama,no
El Bagre,no
El Banco Magdalena,no
El calvario,no
El Carmen de Viboral,no
El carmen Norte de Santander,no
El Castillo Meta,no
El Cerrito,no
El Colegio,no
El Guamal Meta,no
El Guamo,no
El Peñol Antioquia,no
El Peñol Nariño,no
El Peñón Bolivar,no
El Retiro,no
El Rosal,no
El Santuario,no
El Socorro,no
El Zarzal Valle,no
Entrerrios,no
Envigado,no
Espinal,no
Facatativa,no
Flandes Tolima,no
Florencia,no
Florida Valle,no
Floridablanca,no
Fonseca,no
Fontur,no
Fredonia,no
Fresno,no
Fundacion,no
Funes Nariño,no
Funza,no
Fusagasuga,no
Gachala,no
Gachancipa,no
Galapa,no
Garagoa Boyaca,no
Garzon,no
Genova - Quindio,no
Gigante,no
Girardot,no
Girardota,no
Giron,no
Granada,no
Guachene,no
Guacheta,no
Guaduas,no
Guamal Meta,no
Guapota Santander,no
Guarne,no
Guasca,no
Guatape,no
Hato Santandder,no
Hatonuevo,no
Honda,no
Ibague,no
Imues Nariño,no
Ipiales,no
Itagui,no
Jamundi,no
Jardin,no
Juan de Acosta Atlantico,no
La Calera,no
La Ceja Antioquia,no
La Dorada,no
La Estrella,no
La Loma o El Paso,no
La Mesa,no
La Plata,no
La Tebaida,no
La union Antioquia,no
La Union Nariño,no
La union Valle,no
La Vega,no
La Virginia Risaralda,no
Lebrija,no
Leticia,no
Libano,no
Lorica,no
Los Patios,no
Macheta,no
Madrid,no
Magangue,no
Maicao,no
Malaga,no
Malambo,no
Manaure,no
Mani Casanare,no
Manizales,no
Mapiripan,no
Marinilla,no
Mariquita,no
Medellin,no
Medina,no
Melgar,no
Miraflores Boyaca,no
Miranda,no
Mocoa,no
Mompox,no
Moniquira,no
Montelibano,no
Montenegro,no
Monteria,no
Mosquera,no
Mutata,no
Necocli,no
Neiva,no
Nemocon,no
Ocaña,no
Orocue,no
Pacho,no
Paipa,no
Palermo,no
Palmira,no
Pamplona,no
Paratebueno,no
Pasto,no
Patia El Bordo,no
Paz de Ariporo,no
Peque Antioquia,no
Pereira,no
Piedecuesta,no
Pitalito,no
Pivijay,no
Planeta Rica,no
Plato,no
Popayan,no
Pradera Valle,no
Puerto Asis,no
Puerto Berrio,no
Puerto Boyaca,no
Puerto Carreño,no
Puerto Colombia,no
Puerto Concordia,no
Puerto Escondido,no
Puerto Gaitan,no
Puerto Nare,no
Puerto Salgar,no
Quibdo,no
Quimbaya,no
Quipile,no
Rionegro,no
Riosucio Caldas,no
Riosucio Choco,no
Riosucio Quindio,no
Roldanillo,no
Salamina,no
Salento,no
San Andres,no
San Carlos,no
San Gil,no
San Juan de Pasto,no
San Juan Nepomuceno,no
San Luis,no
San Vicente,no
Santa Barbara,no
Santa Cruz,no
Santa Marta,no
Santiago de Cali,no
Santander,no
Santo Domingo,no
Santo Tomas,no
Sasaima,no
Sibate,no
Sierra Nevada,no
Sonsón,no
Soacha,no
Sogamoso,no
Soledad,no
Tamesis,no
Tao,no
Tarazá,no
Tausa,no
Tibú,no
Tocancipa,no
Tolú,no
Tuluá,no
Turbo,no
Tunja,no
Turbaco,no
Ubaté,no
Ucaramanga,no
Umbita,no
Uribia,no
Urumita,no
Usaquén,no
Valledupar,no
Valle de San Juan,no
Valladolid,no
Valparaiso,no
Venecia,no
Villavicencio,no
Villanueva La Guajira,no
Viterbo,no
Yumbo,no
Zipaquira,no
